query_id,doc_id,relevance
Q01,ET232,2
Q01,ET124,2
Q01,ET312,2
Q01,ET038,2
Q01,ET092,1
Q01,ET060,1
Q01,ET222,1
Q01,ET042,0
Q02,ET056,2
Q02,ET159,2
Q02,ET362,2
Q02,ET125,2
Q02,ET085,1
Q02,ET113,1
Q02,ET018,0
Q02,ET104,0
Q03,ET215,2
Q03,ET115,2
Q03,ET002,2
Q03,ET135,2
Q03,ET306,2
Q03,ET058,1
Q03,ET368,1
Q04,ET027,2
Q04,ET333,2
Q04,ET147,2
Q04,ET118,2
Q04,ET328,2
Q04,ET085,1
Q04,ET269,0
Q05,ET336,2
Q05,ET031,2
Q05,ET148,2
Q05,ET119,2
Q05,ET144,1
Q05,ET241,0
Q06,ET313,2
Q06,ET091,1
Q06,ET324,1
Q06,ET035,1
Q06,ET087,1
Q06,ET093,0
Q06,ET150,0
Q07,ET315,2
Q07,ET319,2
Q07,ET089,2
Q07,ET142,2
Q07,ET015,2
Q07,ET314,1
Q07,ET084,1
Q07,ET049,1
Q07,ET104,0
Q08,ET050,2
Q08,ET311,2
Q08,ET136,1
Q08,ET008,1
Q08,ET310,1
Q08,ET046,1
Q08,ET085,0
Q09,ET040,2
Q09,ET335,2
Q09,ET354,2
Q09,ET054,1
Q09,ET086,1
Q09,ET357,1
Q09,ET289,0
Q10,ET340,2
Q10,ET324,2
Q10,ET373,2
Q10,ET343,2
Q10,ET360,1
Q10,ET091,1
Q10,ET097,1
Q11,ET345,2
Q11,ET037,2
Q11,ET110,2
Q11,ET136,1
Q11,ET008,1
Q11,ET028,1
Q11,ET269,1
Q12,ET327,2
Q12,ET308,2
Q12,ET009,2
Q12,ET137,2
Q12,ET088,1
Q12,ET083,1
Q13,ET367,2
Q13,ET027,1
Q13,ET038,1
Q13,ET097,1
Q13,ET352,0
Q14,ET347,2
Q14,ET355,2
Q14,ET121,1
Q14,ET041,1
Q14,ET172,1
Q14,ET049,1
Q15,ET082,2
Q15,ET371,2
Q15,ET099,2
Q15,ET075,1
Q15,ET145,1
Q15,ET152,0
Q16,ET332,2
Q16,ET362,1
Q16,ET125,1
Q16,ET056,1
Q16,ET045,1
Q16,ET113,1
Q17,ET109,2
Q17,ET363,2
Q17,ET369,1
Q17,ET180,0
Q18,ET120,2
Q18,ET036,2
Q18,ET086,1
Q18,ET117,1
Q19,ET351,2
Q19,ET065,2
Q19,ET352,1
Q19,ET227,1
Q19,ET097,1
Q19,ET011,0
Q19,ET038,0
Q20,ET372,2
Q20,ET125,1
Q20,ET362,1
Q20,ET113,1
Q20,ET056,1
Q20,ET159,1
Q21,ET317,2
Q21,ET143,2
Q21,ET019,2
Q21,ET144,1
Q21,ET148,1
Q21,ET128,0
Q22,ET012,2
Q22,ET338,2
Q22,ET133,2
Q22,ET086,1
Q22,ET334,1
Q22,ET315,0
Q22,ET039,0
Q23,ET026,2
Q23,ET090,2
Q23,ET297,2
Q23,ET112,2
Q23,ET149,1
Q23,ET042,1
Q23,ET085,0
Q24,ET365,2
Q24,ET324,1
Q24,ET192,0
Q24,ET152,0
Q24,ET147,0
Q24,ET185,0
Q25,ET106,2
Q25,ET299,2
Q25,ET139,2
Q25,ET001,1
Q25,ET071,1
Q25,ET156,0
Q25,ET162,0
Q25,ET150,0
Q25,ET034,0
Q26,ET341,2
Q26,ET064,2
Q26,ET358,1
Q26,ET097,1
Q26,ET259,0
Q26,ET256,0
Q26,ET261,0
Q27,ET328,2
Q27,ET118,2
Q27,ET027,2
Q27,ET147,2
Q27,ET333,2
Q27,ET117,1
Q27,ET369,1
Q28,ET314,2
Q28,ET142,1
Q28,ET315,1
Q28,ET049,1
Q28,ET089,1
Q28,ET015,1
Q28,ET084,1
